Key,Id,English(en),German(de)
"mainMenu.play",614498603008,"Play","Spielen"
"settingsMenu.settings",19179993862144,"Settings","Einstellungen"
"settingsMenu.volume",19894984282112,"Volume","Lautstärke"
"settingsMenu.fullscreen",20003004387328,"Fullscreen","Vollbild"
"settingsMenu.resolution",20117852819456,"Resolution","Auflösung"
"settingsMenu.language",20313164779520,"Language","Sprache"
"playMenu.server_connection",23214629097472,"Code","Code"
"playMenu.join_lobby",24296382042112,"JOIN LOBBY","LOBBY BEITRETEN"
"playMenu.back",24827854884864,"Back","Zurück"
"playMenu.playmenu",782933199196160,"Play Menu","Spielmenü"
"playmenu.loading",60010223864074240,"VALIDATING","VALIDIERE"
"playmenu.connecting",60011225140908032,"CONNECTING","VERBINDE"
"playmenu.validate-code",60011435313287168,"VALIDATE CODE","VALIDIERE CODE"
"playmenu.digit-code",60011804634337280,"Digit Code","Zahlencode"
"playmenu.loading",60010223864074240,"VALIDATING","VALIDIERE"
"playmenu.connecting",60011225140908032,"CONNECTING","VERBINDE"
"playmenu.validate-code",60011435313287168,"VALIDATE CODE","VALIDIERE CODE"
"playmenu.digit-code",60011804634337280,"Digit Code","Zahlencode"
"sideMenu.menu",1528244501925888,"Menu","Menü"
"settingsMenu.musicvolume",51544089527181312,"Music volume","Musiklautstärke"
"settingsMenu.soundvolume",51544635864637440,"Sound volume","Soundlautstärke"
"MgQuizduel.loadQuestion",49116520167165952,"Load question ...","Lade Frage ..."
"MgQuizduel.loadAnswer",49117036817338368,"Load answer ...","Lade Antwort ..."
"MgQuizduel.waitingForOtherPlayers",50355143541706752,"Waiting for other Players","Warten auf andere Spieler"
"MgQuizduel.finalScore",50357163094888448,"Final Score","Endstand"
"MgQuizduel.rewardCoins",50359450810896384,"+{0} Coins","+{0} Münzen"
"MgQuizduel.PrepScreen.title",56521928023429120,"Sustainability Quiz Duel","Nachhaltigkeits-Quiz Duell"
"MgQuizduel.PrepScreen.description",56521928056983552,"Who knows the most about sustainability? Face off against each other and answer six challenging questions about environmental protection, resources, and sustainable living. Only those who find the right answers quickly rack up the points! At the end, the ranking will be revealed – who's the sustainability champion?","Wer kennt sich am besten mit Nachhaltigkeit aus? Ihr tretet gegeneinander an und beantwortet sechs knifflige Fragen rund um Umweltschutz, Ressourcen und nachhaltiges Leben. Nur wer die richtigen Antworten schnell findet, holt sich die Punkte! Am Ende wird der Ranking angezeigt – wer ist der Nachhaltigkeits-Champion?"
"MgQuizduel.PrepScreen.controls",56521928056983553,"1. Read the question – A question is displayed

2. Choose your answer – Click on one of the three answer options

3. Get feedback – You'll instantly see a green checkmark (✓) or red X (✗) showing if you were right

4. Next question – After a short delay, the next question appears

5. Compare results – After all 6 questions, you'll see the ranking with all players","1. Frage lesen – Eine Frage wird angezeigt

2. Antwort wählen – Klicke auf eine der drei Antwortmöglichkeiten

3. Feedback erhalten – Sofort siehst du mit einem grünen Haken (✓) oder roten X (✗), ob du richtig lagst

4. Nächste Frage – Nach kurzer Verzögerung geht's zur nächsten Frage

5. Ergebnisse vergleichen – Nach allen 6 Fragen seht ihr das Ranking mit allen Spielern"
"MgGarbage.PrepScreen.title",56521928056983554,"Waste Master: Quick Sorting","Müll-Meister: Schnelle Trennung"
"MgGarbage.PrepScreen.description",56521928061177856,"Waste falls from the sky – and you need to react fast! Sort the falling trash into the correct bin as quickly as possible and rack up points. But watch out: If you're too slow or put trash in the wrong bin, you'll lose points! How much can you save before the waste crosses the red line?","Müll fällt vom Himmel – und du musst schnell reagieren! Sortiere die fallenden Abfälle blitzschnell in die richtige Mülltonne ein und sammle Punkte. Aber Vorsicht: Wer zu langsam ist oder den Müll in die falsche Tonne wirft, verliert Punkte! Wie viel schaffst du zu retten, bevor der Müll die rote Linie überschreitet?"
"MgGarbage.PrepScreen.controls",56521928061177857,"1. Watch the waste – Different types of trash fall from the top of the screen

2. Grab the waste – Click on a piece of trash and hold it (Drag)

3. Throw into the correct bin – Drag the waste to the matching bin and release it (Drop)

4. Earn points – Correct sorting = +Points

5. Watch out for penalties – Wrong sorting or being too slow = -Points

6. Mind the red line – If waste reaches the red line, it's too late!","1. Müll beobachten – Verschiedene Müllarten fallen vom Bildschirmrand herab

2. Müll greifen – Klicke auf ein Müllstück und halte es fest (Drag)

3. In die richtige Tonne werfen – Ziehe den Müll zur passenden Mülltonne und lasse ihn los (Drop)

4. Punkte verdienen – Richtige Sortierung = +Punkte

5. Achtung vor Strafen – Falsches Sortieren oder zu langsam sein = -Punkte

6. Rote Linie beachten – Wenn Müll die rote Linie erreicht, ist es zu spät!"
"MgOcean.PrepScreen.title",56521928061177858,"Ocean Rescue: Trash Collection Mission","Ozean-Rettung: Müll-Sammelfahrt"
"MgOcean.PrepScreen.description",56521928061177859,"The ocean needs your help! Sail your boat across the sea and collect the trash that washes in from all directions. Whoever collects the most trash wins! The faster and more skillfully you play, the more points you earn. But be careful: Sea turtles and other marine animals must not be harmed – touching them will cost you points. Who will be the best ocean rescuer?","Der Ozean braucht eure Hilfe! Fahrt mit eurem Boot übers Meer und sammelt den Müll ein, der von allen Seiten angeschwemmt wird. Wer am meisten Müll aufsammelt, gewinnt! Je schneller und geschickter du bist, desto mehr Punkte holst du dir. Aber passt auf: Schildkröten und andere Meerestiere dürfen nicht verletzt werden – wer sie berührt, verliert Punkte. Wer wird der beste Ozean-Retter?"
"MgOcean.PrepScreen.controls",56521928061177860,"1. Steer the boat – Use WASD keys to move your boat:

    -W = Forward

    -A = Left
    -S = Backward

    -D = Right

2. Collect trash – Drive over the trash that washes in from the left and right

3. Earn points – Each collected piece of trash = +Points for you

4. Protect wildlife – Don't touch sea turtles or marine animals! That costs you points!

5. Win the competition – Collect more trash than your opponents and claim first place!","1. Boot steuern – Nutze WASD-Tasten um dein Boot zu bewegen:

    -W = Vorwärts

    -A = Links

    -S = Rückwärts

    -D = Rechts

2. Müll einsammeln – Fahre über den Müll, der von links und rechts ins Meer gespült wird

3. Punkte verdienen – Jedes eingesammelte Müllstück = +Punkte für dich

4. Tiere schützen – Berühre keine Schildkröten oder Meerestiere! Das kostet dich Punkte!

5. Wettbewerb gewinnen – Sammle mehr Müll als deine Gegner und sichere dir den ersten Platz!"
"MgQuizduel.PrepScreen.title",56521928023429120,"Sustainability Quiz Duel","Nachhaltigkeits-Quiz Duell"
"MgQuizduel.PrepScreen.description",56521928056983552,"Who knows the most about sustainability? Face off against each other and answer six challenging questions about environmental protection, resources, and sustainable living. Only those who find the right answers quickly rack up the points! At the end, the ranking will be revealed – who's the sustainability champion?","Wer kennt sich am besten mit Nachhaltigkeit aus? Ihr tretet gegeneinander an und beantwortet sechs knifflige Fragen rund um Umweltschutz, Ressourcen und nachhaltiges Leben. Nur wer die richtigen Antworten schnell findet, holt sich die Punkte! Am Ende wird der Ranking angezeigt – wer ist der Nachhaltigkeits-Champion?"
"MgQuizduel.PrepScreen.controls",56521928056983553,"1. Read the question – A question is displayed

2. Choose your answer – Click on one of the three answer options

3. Get feedback – You'll instantly see a green checkmark (✓) or red X (✗) showing if you were right

4. Next question – After a short delay, the next question appears

5. Compare results – After all 6 questions, you'll see the ranking with all players","1. Frage lesen – Eine Frage wird angezeigt

2. Antwort wählen – Klicke auf eine der drei Antwortmöglichkeiten

3. Feedback erhalten – Sofort siehst du mit einem grünen Haken (✓) oder roten X (✗), ob du richtig lagst

4. Nächste Frage – Nach kurzer Verzögerung geht's zur nächsten Frage

5. Ergebnisse vergleichen – Nach allen 6 Fragen seht ihr das Ranking mit allen Spielern"
"MgGarbage.PrepScreen.title",56521928056983554,"Waste Master: Quick Sorting","Müll-Meister: Schnelle Trennung"
"MgGarbage.PrepScreen.description",56521928061177856,"Waste falls from the sky – and you need to react fast! Sort the falling trash into the correct bin as quickly as possible and rack up points. But watch out: If you're too slow or put trash in the wrong bin, you'll lose points! How much can you save before the waste crosses the red line?","Müll fällt vom Himmel – und du musst schnell reagieren! Sortiere die fallenden Abfälle blitzschnell in die richtige Mülltonne ein und sammle Punkte. Aber Vorsicht: Wer zu langsam ist oder den Müll in die falsche Tonne wirft, verliert Punkte! Wie viel schaffst du zu retten, bevor der Müll die rote Linie überschreitet?"
"MgGarbage.PrepScreen.controls",56521928061177857,"1. Watch the waste – Different types of trash fall from the top of the screen

2. Grab the waste – Click on a piece of trash and hold it (Drag)

3. Throw into the correct bin – Drag the waste to the matching bin and release it (Drop)

4. Earn points – Correct sorting = +Points

5. Watch out for penalties – Wrong sorting or being too slow = -Points

6. Mind the red line – If waste reaches the red line, it's too late!","1. Müll beobachten – Verschiedene Müllarten fallen vom Bildschirmrand herab

2. Müll greifen – Klicke auf ein Müllstück und halte es fest (Drag)

3. In die richtige Tonne werfen – Ziehe den Müll zur passenden Mülltonne und lasse ihn los (Drop)

4. Punkte verdienen – Richtige Sortierung = +Punkte

5. Achtung vor Strafen – Falsches Sortieren oder zu langsam sein = -Punkte

6. Rote Linie beachten – Wenn Müll die rote Linie erreicht, ist es zu spät!"
"MgOcean.PrepScreen.title",56521928061177858,"Ocean Rescue: Trash Collection Mission","Ozean-Rettung: Müll-Sammelfahrt"
"MgOcean.PrepScreen.description",56521928061177859,"The ocean needs your help! Sail your boat across the sea and collect the trash that washes in from all directions. Whoever collects the most trash wins! The faster and more skillfully you play, the more points you earn. But be careful: Sea turtles and other marine animals must not be harmed – touching them will cost you points. Who will be the best ocean rescuer?","Der Ozean braucht eure Hilfe! Fahrt mit eurem Boot übers Meer und sammelt den Müll ein, der von allen Seiten angeschwemmt wird. Wer am meisten Müll aufsammelt, gewinnt! Je schneller und geschickter du bist, desto mehr Punkte holst du dir. Aber passt auf: Schildkröten und andere Meerestiere dürfen nicht verletzt werden – wer sie berührt, verliert Punkte. Wer wird der beste Ozean-Retter?"
"MgOcean.PrepScreen.controls",56521928061177860,"1. Steer the boat – Use WASD keys to move your boat:

    -W = Forward

    -A = Left
    -S = Backward

    -D = Right

2. Collect trash – Drive over the trash that washes in from the left and right

3. Earn points – Each collected piece of trash = +Points for you

4. Protect wildlife – Don't touch sea turtles or marine animals! That costs you points!

5. Win the competition – Collect more trash than your opponents and claim first place!","1. Boot steuern – Nutze WASD-Tasten um dein Boot zu bewegen:

    -W = Vorwärts

    -A = Links

    -S = Rückwärts

    -D = Rechts

2. Müll einsammeln – Fahre über den Müll, der von links und rechts ins Meer gespült wird

3. Punkte verdienen – Jedes eingesammelte Müllstück = +Punkte für dich

4. Tiere schützen – Berühre keine Schildkröten oder Meerestiere! Das kostet dich Punkte!

5. Wettbewerb gewinnen – Sammle mehr Müll als deine Gegner und sichere dir den ersten Platz!"
"question.1",54051235973255168,"Beverage cartons also add to the pile of waste. How can you reduce it?","Auch Getränkekartons tragen zum Müllberg bei. Wie kannst du ihn verringern?"
"answerOption.2",54053500918386688,"By only drinking tea","Indem Du nur noch Tee trinkst"
"answerOption.3",54053500918386689,"By crushing beverage cartons before throwing them away","Indem Du die Getränkekartons erst zerkleinerst und dann wegwirfst"
"answerOption.4",54053500918386690,"By buying drinks only in reusable bottles","Indem Du Getränke nur noch in Mehrwegflaschen kaufst"
"question.5",54053500918386691,"Vitamin C, B, and many other vitamins should be present in our diet. What does the word ""vitamin"" mean literally?","Vitamin C, Vitamin B und viele andere Vitamine sollten ausreichend in unserer Nahrung vorkommen. Was heißt das Wort “Vitamin” übersetzt?"
"answerOption.6",54053500918386692,"Preservative","Konservierungsstoff"
"answerOption.7",54053500918386693,"Vital substance","Lebensstoff"
"answerOption.8",54053500918386694,"Trace elements","Spurenelemente"
"question.9",54053500918386695,"Why is it becoming increasingly difficult to obtain drinking water here?","Warum wird bei uns die Trinkwassergewinnung zunehmend schwieriger?"
"answerOption.10",54053500918386696,"Because there is too little rain","Weil es zu wenig regnet"
"answerOption.11",54053500918386697,"Because groundwater is increasingly polluted with nitrate","Weil das Grundwasser zunehmend durch Nitrat belastet wird"
"answerOption.12",54053500918386698,"Because groundwater levels are rising","Weil das Grundwasser aufkommen steigt"
"question.13",54053500918386699,"Too much nitrate in drinking water is especially dangerous for infants and their mothers. What should they do?","Zuviel Nitrat im Trinkwasser gefährdet vor allem Säuglinge und deren Mütter. Was sollten diese tun?"
"answerOption.14",54053500918386700,"Use bottled mineral water instead","Mineralwasser statt Wasser benutzen"
"answerOption.15",54053500918386701,"Boil the water before use","Das Wasser vor Gebrauch abkochen"
"answerOption.16",54053500918386702,"Avoid water altogether","Auf Wasser ganz verzichten"
"question.17",54053500918386703,"What does it indicate when unusually large fish appear in a body of water?","Was bedeutet es, wenn im Gewässern übermäßig große Fische auftreten?"
"answerOption.18",54053500918386704,"Plenty of plankton available for aquatic animals","Reichliches Planktonangebot für Wassertiere"
"answerOption.19",54053500918386705,"Big fish always mean clean water","Große Fische bedeuten immer sauberes Wasser"
"answerOption.20",54053500918386706,"Poor water quality","Schlechte Wasserqualität"
"question.21",54053500918386707,"The condition of a river is generally described by four quality classes. What does Quality Class IV indicate?","Der Güterzustand eines Fließgewässers wird im allgemeinen durch 4 Güteklassen charakterisiert. Was sagt Güteklasse IV aus?"
"answerOption.22",54053500918386708,"It is a polluted river","Es handelt sich um ein verunreinigtes Fließgewässer"
"answerOption.23",54053500918386709,"The water body has already tipped (collapsed ecologically)","Es handelt sich um ein bereits umgekipptes Gewässer"
"answerOption.24",54053500918386710,"It is a very heavily polluted river","Es handelt sich um ein sehr stark verschmutztes Fließgewässer"
"question.25",54053500918386711,"Tree rings tell us a tree’s age. What else can they reveal?","Mit Hilfe der Jahresringe informieren wir uns über das Alter der Bäume. Was erfahren wir noch über sie?"
"answerOption.26",54053500918386712,"How its growth progressed","Wie der Wachstumsprozess verlaufen ist"
"answerOption.27",54053500918386713,"Environmental conditions over past decades","Die Umweltbedingungen der letzten Jahrzehnte"
"answerOption.28",54053500918386714,"Light conditions in recent years","Die Lichtverhältnisse der letzten Jahre"
"question.29",54053500918386715,"How can you tell from a felled spruce that it fell victim to forest dieback?","Woran kann man an einer gefällten Fichte erkennen, dass sie dem Waldsterben erlag?"
"answerOption.30",54053500918386716,"Its last annual rings are noticeably narrower and there is an extended wet heartwood area in the trunk","Ihre letzten Jahresringe sind deutlich schmäler und es liegt erweiterter Nasskern im Stammbereich vor"
"answerOption.31",54053500918386717,"The wood is rotten","Das Holz ist morsch"
"answerOption.32",54053500918386718,"It has heavy lichen growth","Sie hat starken Flechtenbewuchs"
"question.33",54053500918386719,"Organic products are sold in health food stores. Why are they labeled ""organic"" (Bio)?","In Naturkostläden werden Bioprodukte angeboten. Warum haben diese die Bezeichnung “Bio”?"
"answerOption.34",54053500918386720,"Because you don’t need to brush your teeth after eating them","Weil nach ihrem Verzehr die Zähne nicht geputzt werden müssen"
"answerOption.35",54053500918386721,"Because they are grown naturally, i.e., without synthetic chemicals","Weil sie naturgemäß d.h. ohne Chemie angebaut werden"
"answerOption.36",54053500918386722,"Because ""Bio"" is a buzzword that boosts sales","Weil “Bio” ein Modewort ist, das bessere Umsätze verspricht"
"question.37",54053500918386723,"What do you think: how much waste does the average person in Germany produce in a year?","Was meinst Du: wieviel Müll produziert ein Einwohner in Deutschland in einem Jahr?"
"answerOption.38",54053500918386724,"200 kg","200 kg"
"answerOption.39",54053500918386725,"500 kg","500 kg"
"answerOption.40",54053500918386726,"750 kg","750 kg"
"question.41",54053500918386727,"What is the key advantage of a circular economy?","Was ist der wichtigste Vorteil der Kreislaufwirtschaft?"
"answerOption.42",54053500918386728,"Resources are used multiple times","Ressourcen werden mehrfach genutzt"
"answerOption.43",54053500918386729,"Jobs are reduced","Arbeitsplätze werden reduziert"
"answerOption.44",54053500918386730,"Production costs increase","Produktionskosten steigen"
"question.45",54053500918386731,"Which energy source is most climate-friendly?","Welcher Energieträger ist am klimafreundlichsten?"
"answerOption.46",54053500918386732,"Coal","Kohle"
"answerOption.47",54053500918386733,"Natural gas","Erdgas"
"answerOption.48",54053500918386734,"Wind power","Windkraft"
"question.49",54053500918386735,"What does 'carbon footprint' mean?","Was bedeutet 'Carbon Footprint'?"
"answerOption.50",54053500918386736,"The number of steps per day","Die Anzahl der Schritte pro Tag"
"answerOption.51",54053500918386737,"The CO2 footprint of a person or product","Der CO2-Fußabdruck einer Person oder eines Produkts"
"answerOption.52",54053500918386738,"Foot size","Die Größe des Fußes"
"question.53",54053500918386739,"Which mode of transport has the lowest CO2 emissions per person?","Welche Transportart hat den geringsten CO2-Ausstoß pro Person?"
"answerOption.54",54053500918386740,"Airplane","Flugzeug"
"answerOption.55",54053500918386741,"Car","Auto"
"answerOption.56",54053500918386742,"Train","Zug"
"question.57",54053500918386743,"What is Fair Trade?","Was ist Fair Trade?"
"answerOption.58",54053500918386744,"Free trade","Kostenloser Handel"
"answerOption.59",54053500918386745,"Fair trade with better conditions for producers","Fairer Handel mit besseren Bedingungen für Produzenten"
"answerOption.60",54053500918386746,"Fast trade","Schneller Handel"
"question.61",54053500918386747,"How much water is needed to produce a pair of jeans?","Wie viel Wasser wird für die Herstellung einer Jeans benötigt?"
"answerOption.62",54053500918386748,"200 liters","200 Liter"
"answerOption.63",54053500918386749,"2,000 liters","2.000 Liter"
"answerOption.64",54053500918386750,"8,000 liters","8.000 Liter"
"question.65",54053500918386751,"What is the goal of the Sustainable Development Goals (SDGs)?","Was ist das Ziel der Sustainable Development Goals (SDGs)?"
"answerOption.66",54053500918386752,"Sustainable development by 2030","Nachhaltige Entwicklung bis 2030"
"answerOption.67",54053500918386753,"Economic growth at any cost","Wirtschaftswachstum um jeden Preis"
"answerOption.68",54053500918386754,"Population reduction","Bevölkerungsreduktion"
"question.69",54053500918386755,"Which sector produces the most greenhouse gas emissions worldwide?","Welcher Sektor verursacht die meisten Treibhausgasemissionen weltweit?"
"answerOption.70",54053500918386756,"Transport","Verkehr"
"answerOption.71",54053500918386757,"Energy generation","Energieerzeugung"
"answerOption.72",54053500918386758,"Agriculture","Landwirtschaft"
"question.73",54053500918386759,"What is 'greenwashing'?","Was ist 'Greenwashing'?"
"answerOption.74",54053500918386760,"Environmentally friendly washing","Umweltfreundliches Waschen"
"answerOption.75",54053500918386761,"Companies pretending to be environmentally friendly","Vorgetäuschte Umweltfreundlichkeit von Unternehmen"
"answerOption.76",54053500918386762,"Using green paint","Grüne Farbe verwenden"
"question.77",54053500918386763,"Which material is most recyclable?","Welches Material ist am besten recycelbar?"
"answerOption.78",54053500918386764,"Plastic","Plastik"
"answerOption.79",54053500918386765,"Glass","Glas"
"answerOption.80",54053500918386766,"Paper","Papier"
"question.81",54053500918386767,"What is the main cause of rainforest deforestation?","Was ist der Hauptgrund für die Abholzung des Regenwaldes?"
"answerOption.82",54053500918386768,"Logging","Holzgewinnung"
"answerOption.83",54053500918386769,"Agriculture and livestock farming","Landwirtschaft und Viehzucht"
"answerOption.84",54053500918386770,"Urban development","Städtebau"
"question.85",54053500918386771,"How many planets would we need if everyone lived like people in Germany?","Wie viele Planeten würden wir brauchen, wenn alle Menschen so leben würden wie in Deutschland?"
"answerOption.86",54053500918386772,"2 planets","2 Planeten"
"answerOption.87",54053500918386773,"3 planets","3 Planeten"
"answerOption.88",54053500918386774,"5 planets","5 Planeten"
"question.89",54053500918386775,"What’s the difference between weather and climate?","Was ist der Unterschied zwischen Wetter und Klima?"
"answerOption.90",54053500918386776,"Weather is short-term; climate is long-term","Wetter ist kurzfristig, Klima langfristig"
"answerOption.91",54053500918386777,"Weather is warm, climate is cold","Wetter ist warm, Klima ist kalt"
"answerOption.92",54053500918386778,"There’s no difference","Es gibt keinen Unterschied"
"question.93",54053500918386779,"Which energy source has the lowest environmental impact?","Welche Energiequelle hat die geringsten Umweltauswirkungen?"
"answerOption.94",54053500918386780,"Nuclear power","Atomkraft"
"answerOption.95",54053500918386781,"Solar energy","Solarenergie"
"answerOption.96",54053500918386782,"Hydropower","Wasserkraft"
"question.97",54053500918386783,"What does 'peak oil' mean?","Was bedeutet 'Peak Oil'?"
"answerOption.98",54053500918386784,"The highest oil price of all time","Der höchste Ölpreis aller Zeiten"
"answerOption.99",54053500918386785,"The point of maximum oil production","Der Zeitpunkt maximaler Ölförderung"
"answerOption.100",54053500918386786,"The best oil quality","Die beste Ölqualität"
"question.101",54053500918386787,"What share of the world’s population lacks access to clean drinking water?","Welcher Anteil der Weltbevölkerung hat keinen Zugang zu sauberem Trinkwasser?"
"answerOption.102",54053500918386788,"10%","10%"
"answerOption.103",54053500918386789,"25%","25%"
"answerOption.104",54053500918386790,"40%","40%"
"question.105",54053500918386791,"What’s the biggest advantage of electric cars?","Was ist der größte Vorteil von Elektroautos?"
"answerOption.106",54053500918386792,"They are cheaper","Sie sind billiger"
"answerOption.107",54053500918386793,"They produce no local exhaust emissions","Sie produzieren lokal keine Abgase"
"answerOption.108",54053500918386794,"They drive faster","Sie fahren schneller"
"question.109",54053500918386795,"Which country is the largest CO2 emitter worldwide?","Welches Land ist der größte CO2-Emittent weltweit?"
"answerOption.110",54053500918386796,"USA","USA"
"answerOption.111",54053500918386797,"China","China"
"answerOption.112",54053500918386798,"India","Indien"
"question.113",54053500918386799,"What is urban farming?","Was ist 'Urban Farming'?"
"answerOption.114",54053500918386800,"Agriculture in the city","Landwirtschaft in der Stadt"
"answerOption.115",54053500918386801,"Modern agricultural machinery","Moderne Landmaschinen"
"answerOption.116",54053500918386802,"Genetic engineering in agriculture","Gentechnik in der Landwirtschaft"
"question.117",54053500918386803,"How long does it take for a plastic bottle to fully decompose in nature?","Wie lange dauert es, bis eine Plastikflasche in der Natur vollständig abgebaut ist?"
"answerOption.118",54053500918386804,"50 years","50 Jahre"
"answerOption.119",54053500918386805,"200 years","200 Jahre"
"answerOption.120",54053500918386806,"450 years","450 Jahre"
"question.121",54053500918386807,"What is the main component of biogas?","Was ist der Hauptbestandteil von Biogas?"
"answerOption.122",54053500918386808,"Hydrogen","Wasserstoff"
"answerOption.123",54053500918386809,"Methane","Methan"
"answerOption.124",54053500918386810,"Carbon dioxide","Kohlendioxid"
"question.125",54053500918386811,"Which statement about renewable energy is correct?","Welche Aussage über erneuerbare Energien ist richtig?"
"answerOption.126",54053500918386812,"They are inexhaustible","Sie sind unerschöpflich"
"answerOption.127",54053500918386813,"They never cause environmental problems","Sie verursachen nie Umweltprobleme"
"answerOption.128",54053500918386814,"They are always cheaper than fossil fuels","Sie sind immer billiger als fossile Energien"
"question.129",54053500918386815,"What is meant by the sharing economy?","Was versteht man unter 'Sharing Economy'?"
"answerOption.130",54053500918386816,"Shared use of resources","Gemeinsame Nutzung von Ressourcen"
"answerOption.131",54053500918386817,"Free distribution of goods","Kostenlose Verteilung von Gütern"
"answerOption.132",54053500918386818,"State economic planning","Staatliche Wirtschaftsplanung"
"question.133",54053500918386819,"Which economic sector is growing the fastest thanks to digitalization?","Welcher Wirtschaftssektor wächst durch die Digitalisierung am stärksten?"
"answerOption.134",54053500918386820,"Agriculture","Landwirtschaft"
"answerOption.135",54053500918386821,"Services","Dienstleistungen"
"answerOption.136",54053500918386822,"Heavy industry","Schwerindustrie"
"question.137",54053500918386823,"What is the main goal of the 2030 Agenda?","Was ist das Hauptziel der Agenda 2030?"
"answerOption.138",54053500918386824,"Achieve world peace","Weltfrieden schaffen"
"answerOption.139",54053500918386825,"Promote sustainable development","Nachhaltige Entwicklung fördern"
"answerOption.140",54053500918386826,"Strengthen the world economy","Weltwirtschaft stärken"
"question.141",54053500918386827,"What is a consequence of overfishing the oceans?","Welche Folge hat die Überfischung der Meere?"
"answerOption.142",54053500918386828,"More fish for everyone","Mehr Fische für alle"
"answerOption.143",54053500918386829,"Collapse of ecosystems","Zusammenbruch von Ökosystemen"
"answerOption.144",54053500918386830,"Clean seawater","Sauberes Meerwasser"
"question.145",54053500918386831,"What does Corporate Social Responsibility (CSR) mean?","Was bedeutet 'Corporate Social Responsibility' (CSR)?"
"answerOption.146",54053500918386832,"Profit maximization","Gewinnmaximierung"
"answerOption.147",54053500918386833,"A company’s social responsibility","Gesellschaftliche Verantwortung von Unternehmen"
"answerOption.148",54053500918386834,"Tax optimization","Steueroptimierung"
"question.149",54053500918386835,"What impact does climate change have on agriculture?","Welche Auswirkung hat der Klimawandel auf die Landwirtschaft?"
"answerOption.150",54053500918386836,"Only positive effects","Nur positive Effekte"
"answerOption.151",54053500918386837,"Changed growing conditions and crop failures","Veränderte Wachstumsbedingungen und Ernteausfälle"
"answerOption.152",54053500918386838,"No impact","Keine Auswirkungen"
"question.153",54053500918386839,"What’s the most important factor for sustainable consumption?","Was ist der wichtigste Faktor für nachhaltigen Konsum?"
"answerOption.154",54053500918386840,"Only buy expensive products","Nur teure Produkte kaufen"
"answerOption.155",54053500918386841,"Make conscious purchasing decisions","Bewusste Kaufentscheidungen treffen"
"answerOption.156",54053500918386842,"Consume a lot","Viel konsumieren"
"question.157",54053500918386843,"What’s the biggest advantage of secondhand clothing?","Was ist der größte Vorteil von Secondhand-Kleidung?"
"answerOption.158",54053500918386844,"It’s always fashionable","Sie ist immer modisch"
"answerOption.159",54053500918386845,"It saves resources","Ressourcen werden gespart"
"answerOption.160",54053500918386846,"It’s always cheaper","Sie ist immer billiger"
"question.161",54053500918386847,"What impact does fast fashion have on the environment?","Welche Auswirkung hat Fast Fashion auf die Umwelt?"
"answerOption.162",54053500918386848,"Positive impacts","Positive Auswirkungen"
"answerOption.163",54053500918386849,"High resource use and environmental pollution","Hoher Ressourcenverbrauch und Umweltverschmutzung"
"answerOption.164",54053500918386850,"No impact","Keine Auswirkungen"
"question.165",54053500918386851,"What does 'upcycling' mean?","Was bedeutet 'Upcycling'?"
"answerOption.166",54053500918386852,"Throwing items away","Gegenstände wegwerfen"
"answerOption.167",54053500918386853,"Turning waste into new products with higher value","Aus Abfall neue Produkte mit höherem Wert schaffen"
"answerOption.168",54053500918386854,"Riding a bicycle","Fahrrad fahren"
"question.169",54053500918386855,"Which diet has the lowest CO2 footprint?","Welche Ernährungsweise hat den geringsten CO2-Fußabdruck?"
"answerOption.170",54053500918386856,"Eat only meat","Nur Fleisch essen"
"answerOption.171",54053500918386857,"Vegan diet","Vegane Ernährung"
"answerOption.172",54053500918386858,"Only dairy products","Nur Milchprodukte"
"question.173",54053500918386859,"What is microplastic?","Was ist 'Mikroplastik'?"
"answerOption.174",54053500918386860,"Very small plastic particles in the environment","Sehr kleine Plastikpartikel in der Umwelt"
"answerOption.175",54053500918386861,"Particularly strong plastic","Besonders starkes Plastik"
"answerOption.176",54053500918386862,"Biodegradable plastic","Biologisch abbaubares Plastik"
"question.177",54053500918386863,"What share of global greenhouse gas emissions comes from livestock farming?","Welcher Anteil der globalen Treibhausgasemissionen stammt aus der Tierhaltung?"
"answerOption.178",54053500918386864,"5%","5%"
"answerOption.179",54053500918386865,"15%","15%"
"answerOption.180",54053500918386866,"30%","30%"
"question.181",54053500918386867,"What is an ecological footprint?","Was ist ein 'Ökologischer Fußabdruck'?"
"answerOption.182",54053500918386868,"An animal’s footprint","Abdruck eines Tieres"
"answerOption.183",54053500918386869,"A measure of resource consumption","Maß für den Ressourcenverbrauch"
"answerOption.184",54053500918386870,"Size of the garden","Größe des Gartens"
"question.185",54053500918386871,"Which is NOT a principle of sustainable development?","Welches ist KEIN Prinzip der nachhaltigen Entwicklung?"
"answerOption.186",54053500918386872,"Ecological compatibility","Ökologische Verträglichkeit"
"answerOption.187",54053500918386873,"Social justice","Soziale Gerechtigkeit"
"answerOption.188",54053500918386874,"Maximum profit","Maximaler Profit"
"question.189",54053500918386875,"What are 'green jobs'?","Was versteht man unter 'Green Jobs'?"
"answerOption.190",54053500918386876,"Jobs outdoors","Arbeitsplätze im Freien"
"answerOption.191",54053500918386877,"Jobs in environmental and climate protection","Arbeitsplätze im Umwelt- und Klimaschutz"
"answerOption.192",54053500918386878,"Jobs in green buildings","Arbeitsplätze in grünen Gebäuden"
"question.193",54053500918386879,"What percentage of global energy consumption comes from renewable sources?","Wie viel Prozent des weltweiten Energieverbrauchs stammen aus erneuerbaren Quellen?"
"answerOption.194",54053500918386880,"12%","12%"
"answerOption.195",54053500918386881,"28%","28%"
"answerOption.196",54053500918386882,"45%","45%"
"event.title.1",54816396556324864,"Climate change","Klimawandel"
"event.description.1",54816396556324865,"Climate change is advancing. Environmental pollution is increasing, leading to extreme weather events and the loss of biodiversity.","Der Klimawandel schreitet voran. Die Umweltverschmutzung nimmt zu, was zu extremen Wetterereignissen und dem Verlust von Biodiversität führt."
"event.title.2",54816396556324866,"Technological breakthrough","Technologischer Durchbruch"
"event.description.2",54816396556324867,"Significant technological advances in renewable energy and sustainable agriculture offer new opportunities for tackling global challenges.","Ein bedeutender technologischer Fortschritt in den Bereichen erneuerbare Energien und nachhaltige Landwirtschaft bietet neue Möglichkeiten zur Bewältigung globaler Herausforderungen."
"event.title.3",54816396556324868,"Forest dieback","Waldsterben"
"event.description.3",54816396556324869,"Massive deforestation and forest fires are destroying critical ecosystems worldwide. The loss of forests accelerates climate change and threatens biodiversity.","Massive Entwaldung und Waldbrände zerstören kritische Ökosysteme weltweit. Der Verlust von Wäldern beschleunigt den Klimawandel und bedroht die Biodiversität. "
"event.title.4",54816396556324870,"Plastic catastrophe","Plastikkatastrophe"
"event.description.4",54816396556324871,"Plastic pollution in the oceans is reaching critical levels. Microplastics pose a threat to the food chain and human health.","Die Verschmutzung der Ozeane durch Plastik erreicht kritische Ausmaße. Mikroplastik gefährdet die Nahrungskette und die menschliche Gesundheit."
"event.title.5",54816396556324872,"Water crisis","Wasserkrise"
"event.description.5",54816396556324873,"Severe droughts and water shortages affect billions of people. Groundwater levels are falling dramatically and conflicts over water resources are increasing.","Schwere Dürren und Wasserknappheit betreffen Milliarden von Menschen. Grundwasserspiegel sinken dramatisch und Konflikte um Wasserressourcen nehmen zu."
"event.title.6",54816396556324874,"Species Extinction","Artensterben"
"event.description.6",54816396556324875,"The sixth mass extinction is accelerating. Pollinators are disappearing, ecosystems are collapsing, and genetic diversity is rapidly declining.","Das sechste Massenaussterben beschleunigt sich. Bestäuber verschwinden, Ökosysteme kollabieren und die genetische Vielfalt nimmt rapide ab."
"event.title.7",54816396556324876,"Air pollution","Luftverschmutzung"
"event.description.7",54816396556324877,"Extreme air pollution in megacities reaches levels that are hazardous to health. Smog and particulate matter cause millions of premature deaths.","Extreme Luftverschmutzung in Megastädten erreicht gesundheitsgefährdende Werte. Smog und Feinstaub verursachen Millionen von vorzeitigen Todesfällen."
"event.title.8",54816396556324878,"Green energy transition","Grüne Energiewende"
"event.description.8",54816396556324879,"Massive investments in renewable energies lead to a drastic reduction in CO2 emissions. Solar energy and wind power become dominant.","Massive Investitionen in erneuerbare Energien führen zu einem drastischen Rückgang der CO2-Emissionen. Solarenergie und Windkraft werden dominant."
"event.title.9",54816396556324880,"Reforestation initiative","Aufforstungsinitiative"
"event.description.9",54816396556324881,"Global reforestation programs are planting billions of trees and restoring degraded ecosystems. Carbon sequestration is increasing dramatically.","Globale Aufforstungsprogramme pflanzen Milliarden von Bäumen und stellen degradierte Ökosysteme wieder her. Kohlenstoffbindung steigt dramatisch an."
"event.title.10",54816396556324882,"Circular economy","Kreislaufwirtschaft"
"event.description.10",54816396556324883,"Breakthrough in the circular economy: 90% of all materials are recycled or reused. Waste becomes a valuable resource.","Durchbruch in der Kreislaufwirtschaft: 90% aller Materialien werden recycelt oder wiederverwendet. Abfall wird zur wertvollen Ressource."
"event.title.11",54816396556324884,"Sustainable agriculture","Nachhaltige Landwirtschaft"
"event.description.11",54816396556324885,"Revolution in agriculture: precision farming, vertical gardens, and regenerative practices increase yields while restoring soil health.","Revolution in der Landwirtschaft: Präzisionsfarming, vertikale Gärten und regenerative Praktiken steigern Erträge bei gleichzeitiger Bodenerholung."
"event.title.12",54816396556324886,"marine conservation","Meeresschutz"
"event.description.12",54816396556324887,"International marine conservation agreements lead to the establishment of huge marine protected areas. Fish stocks recover and coral reefs regenerate.","Internationale Meeresschutzabkommen führen zur Errichtung riesiger Meeresschutzgebiete. Fischbestände erholen sich und Korallenriffe regenerieren."
"event.title.13",54816396556324888,"Green cities","Grüne Städte"
"event.description.13",54816396556324889,"Cities are transforming into green oases with vertical gardens, renewable energy, and sustainable mobility. Quality of life is increasing dramatically.","Städte verwandeln sich in grüne Oasen mit vertikalen Gärten, erneuerbarer Energie und nachhaltiger Mobilität. Lebensqualität steigt drastisch."
"event.title.14",54816396556324890,"Electric mobility","Elektromobilität"
"event.description.14",54816396556324891,"Electric vehicles achieve an 80% market share. Battery technology revolutionizes transportation and energy storage, and air quality improves dramatically.","Elektrofahrzeuge erreichen 80% Marktanteil. Batterietechnologie revolutioniert Transport und Energiespeicherung, Luftqualität verbessert sich dramatisch."
"event.title.15",54816396556324892,"Resource scarcity","Ressourcenknappheit"
"event.description.15",54816396556324893,"Critical raw materials such as rare earths and lithium are becoming scarce. Supply chains are collapsing and hindering the transition to green technology.","Kritische Rohstoffe wie seltene Erden und Lithium werden knapp. Lieferketten brechen zusammen und hemmen den Übergang zu grüner Technologie."
"investment.displayname.1",54829781717045248,"Test","Test"
"invsetment.description.1",54829781717045249,"This is a test investment.","Dies ist ein Test-Investment."
"investment.displayname.2",54829781717045250,"Ocean cleaner","Meeresreiniger"
"invsetment.description.2",54829781717045251,"Cleans the oceans of plastic waste.","Säubert die Meere von Plastikmüll."
"investment.displayname.3",54829781717045252,"Solar farm","Solarpark"
"invsetment.description.3",54829781717045253,"Generates renewable energy using solar power.","Erzeugt erneuerbare Energie durch Sonnenkraft."
"investment.displayname.4",54829781717045254,"Educational program","Bildungsprogramm"
"investment.displayname.4",54829781717045254,"Educational program","Bildungsprogramm"
"invsetment.description.4",54829781717045255,"Improves access to education and knowledge about sustainability.","Verbessert den Zugang zu Bildung und Wissen über Nachhaltigkeit."
"investment.displayname.5",54829781717045256,"Fair Trade network","Fair-Trade-Netzwerk"
"invsetment.description.5",54829781717045257,"Supports local producers with fair prices.","Unterstützt lokale Produzenten mit fairen Preisen."
"investment.displayname.6",54829781717045258,"Afforestation","Aufforstung"
"invsetment.description.6",54829781717045259,"Plants trees to improve air quality and biodiversity.","Pflanzt Bäume zur Verbesserung von Luftqualität und Biodiversität."
"investment.displayname.7",54829781717045260,"Waste reduction campaign","Abfallreduktions-Kampagne"
"invsetment.description.7",54829781717045261,"Reduces the amount of waste produced through education and recycling.","Senkt die Menge an produziertem Abfall durch Aufklärung und Recycling."
"investment.displayname.8",54829781717045262,"Green transportation","Grüner Verkehr"
"invsetment.description.8",54829781717045263,"Promotes bicycles, electric buses, and rail transport.","Fördert Fahrräder, Elektrobusse und Bahnverkehr."
"investment.displayname.9",54829781717045264,"Regional Food Initiative","Regionale Lebensmittel-Initiative"
"invsetment.description.9",54829781717045265,"Reduces transport distances and supports sustainable agriculture.","Reduziert Transportwege und unterstützt nachhaltige Landwirtschaft."
"investment.displayname.10",54829781717045266,"Healthcare","Gesundheitsversorgung"
"invsetment.description.10",54829781717045267,"Improves healthcare in disadvantaged regions.","Verbessert die Gesundheitsversorgung in benachteiligten Regionen."
"end.game_ended",56143503242027008,"The game is over!","Das Spiel ist zu Ende!"
"end.thanks_for_playing",56144067971506176,"Thanks for playing!","Danke für's Spielen!"
"end.group_score",56144259705724928,"Group score:","Gruppen Score:"
"end.your_score",56144406623805440,"Your score:","Dein Score:"
"end.other_players",56144566892355584,"Other players:","Andere Spieler:"
"modal.deposit",56145165381787648,"Deposit","Einzahlen"
"modal.affected_players",56145873707458560,"Damage report:","Schadensbericht:"
"modal.affected_players",56145873707458560,"Damage report:","Schadensbericht:"
"globals.environment",56146686244806656,"Environment","Umwelt"
"globals.economy",56146825365676032,"Economy","Wirtschaft"
"globals.society",56146969926557696,"Society","Gesellschaft"
"globals.error",56147343727124480,"Error","Fehler"
"modals.default_error",56147427596427264,"An unexpected error occured.","Ein unerwarteter Fehler ist aufgetreten."
"globals.funds",56147786268139520,"Funds","Fonds"
"modal.invest",56147874730205184,"Invest","Investieren"
"modal.all",56149215993126912,"All","Alle"
"modal.controls",56151189501239296,"Controls","Steuerung"
"modal.not_ready",56151484889292800,"Not Ready","Nicht Bereit"
"modal.deposit_abbreviation",56151999538782208,"Dep.","Einz."
"modal.invest_abbreviation",56152165855518720,"Inv.","Inv."
"selection.title",56152728932442112,"Character","Charakter"
"selection.confirm",56153017580249088,"Confirm choice","Auswahl bestätigen"
"selection.player_name",56153329091207168,"Player name","Spielername"
"selection.dice_selection",56153427497967616,"Dice","Würfel"
"globals.health",56153847255523328,"Health","Leben"
"playerturn.turn_info",56154430154727424,"TURN INFO","ZUG-INFO"
"playerturn.round",56154757243330560,"Round:","Runde:"
"playerturn.current_turn",56154919462232064,"Current turn:","Am Zug:"
"playerturn.roll_dice",56155033622798336,"Roll Dice","Würfeln"
"playerturn.view_board",56155119715082240,"View Board","Brett anzeigen"
"playerturn.settings",56155225038249984,"Settings","Einstellungen"
"modal.funds_history",56155423755984896,"Funds history","Fonds-Verlauf"
"globals.resources",56155672947974144,"Resources","Ressourcen"
"modal.resources_increase",56155772201984000,"Increase after round","Anstieg nach Runde"
"modal.vote",56156036074037248,"Vote","Abstimmen"
"modal.vote_yes",56156196548108288,"Yes","Ja"
"modal.vote_no",56156284435554304,"No","Nein"
"modal.resource_history",56156500152803328,"Resource history","Ressourcen-Verlauf"
"modal.propose",56156702553137152,"Propose","Vorschlagen"
"modal.add_all",56156896262873088,"Add 100% required funding","100% Finanzierunug hinzufügen"
"modal.propose_investment",56157094477291520,"Propose investment","Investition vorschlagen"
"selection.header",58035861536194560,"Make your selection","Triff deine Auswahl"
"selection.color",59257155711746048,"Colors","Farben"
"Casual_male",59276947101401088,"Citizen","Bürger"
"Casual_female",59276947139149824,"Citizen","Bürgerin"
"Casual_info",59276947139149825,"Supports change from the ground up","Unterstützt Veränderungen von Grund auf"
"Casual.Shirt",59267532939935744,"Shirt","Hemd"
"Casual.Skin",59267532973490176,"Skin","Haut"
"Casual.Pants",59267532973490177,"Pants","Hose"
"Casual.Belt",59267532973490178,"Belt","Gürtel"
"Casual.Face",59267532973490179,"Face","Gesicht"
"Casual.Hair",59267532973490180,"Hair","Haare"
"Chef_male",59276947139149826,"Chef","Koch"
"Chef_female",59276947139149827,"Chef","Köchin"
"Chef_info",59276947139149828,"Nourishes the town with local resources","Stärkt die Gemeinschaft mit regionalen Zutaten"
"Chef.Clothes",59267532977684508,"Apron","Schürze"
"Chef.DarkClothes",59267532977684509,"Pants","Hose"
"Chef.Band",59267532977684510,"Neckerchief","Halstuch"
"Chef.Skin",59267532977684511,"Skin","Haut"
"Chef.Face",59267532977684512,"Face","Gesicht"
"Chef.Hair",59267532977684513,"Hair","Haare"
"Chef.Moustache",59267532977684519,"Moustache","Schnurrbart"
"Chef.Hat",59267532977684520,"Chef hat","Kochmütze"
"Cowboy_male",59276947139149829,"Rancher","Farmer"
"Cowboy_female",59276947139149830,"Rancher","Farmerin"
"Cowboy_info",59276947139149831,"Works in harmony with the land","Arbeitet im Einklang mit der Natur"
"Cowboy.Skin",59267532977684527,"Skin","Haut"
"Cowboy.Pants",59267532977684528,"Pants","Hose"
"Cowboy.Scarf",59267532977684529,"Scarf","Schal"
"Cowboy.Jacket",59267532977684530,"Jacket","Jacke"
"Cowboy.HatBrown",59267532977684531,"Hat","Hut"
"Cowboy.Top",59267532977684532,"Top","Oberteil"
"Cowboy.Face",59267532977684533,"Face","Gesicht"
"Cowboy.HatLightBrown",59267532977684534,"Hatband","Hutband"
"Cowboy.Hair",59267532977684535,"Hair","Haare"
"Doctor_male",59276947139149832,"Doctor","Arzt"
"Doctor_female",59276947139149833,"Doctor","Ärztin"
"Doctor_info",59276947139149834,"Keeps the community healthy and thriving","Hält die Gemeinschaft gesund und lebendig"
"Doctor.Face",59267532977684553,"Face","Gesicht"
"Doctor.Skin",59267532977684554,"Skin","Haut"
"Doctor.Main",59267532977684555,"Lab coat","Kittel"
"Doctor.Brown",59267532977684556,"Pants","Hose"
"Doctor.Black",59267532977684557,"Shirt","Hemd"
"Doctor.Hair",59267532977684558,"Hair","Haare"
"Kimono_male",59276947139149835,"Trainer","Trainer"
"Kimono_female",59276947139149836,"Trainer","Trainerin"
"Kimono_info",59276947139149837,"Empowers the community with new skills","Stärkt die Gemeinschaft mit neuen Fähigkeiten"
"Kimono.Clothes",59267532981878785,"Kimono","Kimono"
"Kimono.Skin",59267532981878786,"Skin","Haut"
"Kimono.Band",59267532981878787,"Obi","Obi"
"Kimono.Face",59267532981878788,"Face","Gesicht"
"Kimono.Hair",59267532981878789,"Hair","Haare"
"OldClassy_male",59276947139149838,"Mayor","Bürgermeister"
"OldClassy_female",59276947139149839,"Mayor","Bürgermeisterin"
"OldClassy_info",59276947139149840,"Unites the community with a shared vision","Vereint die Gemeinschaft mit einer gemeinsamen Vision"
"OldClassy.Shirt",59267532981878794,"Shirt","Hemd"
"OldClassy.Detail",59267532981878795,"Braces","Hosenträger"
"OldClassy.Pants",59267532981878796,"Pants","Hose"
"OldClassy.Skin",59267532981878797,"Skin","Haut"
"OldClassy.Belt",59267532981878798,"Belt","Gürtel"
"OldClassy.Face",59267532981878799,"Face","Gesicht"
"OldClassy.Hat",59267532981878800,"Hat","Hut"
"OldClassy.Hair",59267532981878801,"Hair","Haare"
"Suit_male",59276947139149841,"Architect","Architekt"
"Suit_female",59276947139149842,"Architect","Architektin"
"Suit_info",59276947139149843,"Designs the blueprint for a better future","Entwirft den Plan für eine bessere Zukunft"
"Suit.Black",59267532981878810,"Suit","Anzug"
"Suit.Shirt",59267532981878811,"Shirt","Hemd"
"Suit.Belt",59267532981878812,"Belt","Gürtel"
"Suit.Skin",59267532981878813,"Skin","Haut"
"Suit.Details",59267532981878814,"Tie","Krawatte"
"Suit.Face",59267532981878815,"Face","Gesicht"
"Suit.Hair",59267532981878816,"Hair","Haare"
"Worker_male",59276947139149844,"Builder","Bauarbeiter"
"Worker_female",59276947139149845,"Builder","Bauarbeiterin"
"Worker_info",59276947139149846,"Turns sustainable plans into reality","Setzt nachhaltige Visionen in die Tat um"
"Worker.Vest",59267532981878824,"Vest","Weste"
"Worker.Skin",59267532981878825,"Skin","Haut"
"Worker.Pants",59267532981878826,"Pants","Hose"
"Worker.Shirt",59267532981878827,"Shirt","Hemd"
"Worker.Hat",59267532981878828,"Helmet","Helm"
"Worker.Face",59267532981878829,"Face","Gesicht"
"Worker.Hair",59267532981878830,"Hair","Haare"
"selection.colorpicker_title",59269036665028608,"Choose a color for","Wähle eine Farbe für"
"Normal_dice",59285773968031744,"Normal dice","Normaler Würfel"
"Crazy_dice",59285777675796480,"Crazy dice","Verrückter Würfel"
"Legendary_dice",59285779017973760,"Legendary dice","Legendärer Würfel"
"Dev_dice",59285780553089024,"Dev dice","Entwickler Würfel"
"modal.catastrophe",56636904074215424,"Catastrophe","Katastrophe"
"modal.funds_deposit.value_greater_than_zero",56638766894645248,"Deposit value must be greater than 0.","Der Einzahlungsbetrag muss größer als 0 sein."
"modal.globals.insufficient_funds",56639250527256576,"You do not have enough coins.","Du besitzt nicht genügend Münzen."
"modal.funds_deposit.deposit_from",56639770314768384,"Deposit from","Einzahlen von"
"modal.funds_invest.funds_insufficient",56640685331546112,"The fund is insufficient to fully support this investment proposal.","Der Fonds hat nicht genug Geld, um diesen Investitionsvorschlag vollumfänglich zu unterstützen."
"modal.funds_invest.ressources_insufficient",56640685331546113,"The city does not have enough resources to support this investment proposal.","Die Stadt hat nicht genug Ressourcen, um diesen Investitionsvorschlag zu unterstützen."
"modal.funds_invest.min_invest_greater_zero_conditional",56640685331546114,"The minimum investment must be greater than 0 if the investment is not already fully funded.","Du musst einen Betrag größer als 0 vorschlagen, wenn die Investition nicht bereits voll finanziert ist."
"modal.invest.rounds_remaining",56641707357601792,"In construction, {0} round(s) remaining.","Im Aufbau, {0} Runde(n) verbleibend."
"modal.invest.completed",56645878458712064,"Completed","Fertiggestellt"
"modal.invest.vote.proposal",56646535894892544,"{0} has proposed investing {1} coins in {2} via the funds. Cast your vote!","{0} hat vorgeschlagen, {1} Münzen über den Fonds in {2} zu investieren. Stimme ab!"
"modal.invest.vote.declined",56647493433524224,"The investment proposal has been declined.","Der Investitionsvorschlag wurde abgelehnt."
"modal.catastrophe.volcano.title",56648143445786624,"Volcanic Eruption","Vulkanausbruch"
"modal.catastrophe.volcano.description",56648230402097152,"Molten lava and toxic ash devastate the surrounding area.","Geschmolzene Lava und giftige Asche verwüsten die Umgebung."
"modal.catastrophe.nuclear_explision.title",56648327022084096,"Nuclear Disaster","Nuklearkatastrophe"
"modal.catastrophe.nuclear_explision.description",56648380902113280,"Radioactive fallout spreads across the region causing severe damage.","Radioaktiver Regen breitet sich über die Region aus und verursacht schwere Schäden."
"modal.catastrophe.landslide.title",56648670216814592,"Devastating Landslide","Verheerender Erdrutsch"
"modal.catastrophe.landslide.description",56648729599770624,"Massive rocks and debris crash down, burying everything in their path.","Massive Felsen und Trümmer stürzen herab und begraben alles, was sich ihnen in den Weg stellt."
"modal.catastrophe.wildfire.title",56648926065164288,"Raging Wildfire","Waldbrand"
"modal.catastrophe.wildfire.start",56648972298977280,"Uncontrolled flames consume everything, leaving only ash behind.","Unkontrollierte Flammen verschlingen alles und hinterlassen nur Asche."
"modal.catastrophe.wildfire.start",56648972298977280,"Uncontrolled flames consume everything, leaving only ash behind.","Unkontrollierte Flammen verschlingen alles und hinterlassen nur Asche."
"modal.catastrophe.glacier.title",56649363690455040,"Glacier Melting","Gletscherschmelze"
"modal.catastrophe.glacier.description",56649388873056256,"Rising waters flood the landscape as ancient ice rapidly melts.","Steigende Wasserstände überschwemmen die Landschaft, während das alte Eis schnell schmilzt."
"modal.catastrophe.drought.title",56649684747649024,"Drought","Dürre"
"modal.catastrophe.drought.title",56649684747649024,"Drought","Dürre"
"modal.catastrophe.draught.description",56649705719169024,"Extreme heat and lack of water turn fertile land into barren wasteland.","Extreme Hitze und Wassermangel verwandeln fruchtbares Land in unfruchtbare Ödnis."
"modal.catastrophe.tsunami.title",56649910111797248,"Tsunami","Tsunami"
"modal.catastrophe.tsunami.description",56649934925299712,"Massive waves surge inland, destroying everything in their wake.","Riesige Wellen schlagen ins Landesinnere und zerstören alles, was sich ihnen in den Weg stellt."
"globals.round_end",56652191783813120,"Round end","Rundenende"
"globals.round_end",56652191783813120,"Round end","Rundenende"
"globals.investment_completed",56652337988861952,"The investment {0} has been finished!","Das Investment {0} wurde fertiggestellt!"
"globals.funds.expenses_investment",56659020039421952,"Financing {0}","Finanzierung für {0}"
"globals.resources.expenses_investment",56659352559648768,"Resources for {0}","Ressourcen für {0}"
"modal.investment.info.approved",56661867099422720,"The investment has been fully funded and is now under construction.","Das Investment wurde vollständig finanziert und befindet sich nun im Bau."
"modal.investment.info.approved-partial",56661867099422721,"The investment was financed with {0} coins, but additional funds are still needed. The resources have not yet been deducted.","Das Investment wurde mit {0} Münzen finanziert, benötigt aber noch weitere Gelder. Die Ressourcen wurden noch nicht abgezogen."
"modal.catastrophe.damage-taken",56668768562413568,"{0}, {1}m away, takes {2} damage","{0}, {1}m entfernt, nimmt {2} Schaden"
"globals.coins",56670997235204096,"Coins","Münzen"
"globals.health",56153847255523328,"Health","Leben"
"turnmanager.info",61449390745026560,"It's {0} turn ","{0} ist am Zug"
"turnmanager.rolldice",61449390812135424,"Roll dice","Würfeln"
"turnmanager.cancelroll",61449390812135425,"Cancel roll","Wurf abbrechen"
"turnmanager.viewboard",61449390812135426,"View board","Brett anzeigen"
"turnmanager.backtoplayer",61449390812135427,"Go back to player","Zurück zum Spieler"
"turnmanager.round",61449390812135428,"ROUND {0}","RUNDE {0}"
"lobby.character_selection",61452399050850304,"Character Selection","Charakterauswahl"
"lobby.not_ready",61452502310420480,"Not Ready","Nicht Bereit"
"lobby.waiting_for_player",61452920784519168,"Waiting for player","Warte auf Spieler"
"lobby.new_player	",61453271277338624,"New Player","Neuer Spieler"
"lobby.is_ready",61453348007936000,"Is ready","Ist bereit"
"lobby.is_not_ready",61453405545398272,"Is not ready","Ist nicht bereit"
"lobby.click_to_unready",61453481038675968,"Click to unready","Nicht bereit"
"lobby.click_to_ready",61453992487911424,"Ready","Bereit"
"modal.catastrophe.wildfire.ongoing-1",63999993620021248,"The fire weakens, but embers still glow beneath the smoke.","Das Feuer schwächt sich ab, doch unter dem Rauch glimmen noch die letzten Funken."
"modal.catastrophe.wildfire.ongoing-2",65747542009790464,"The flames have died out, but faint smoke still lingers in the air.","Die Flammen sind erloschen, doch leichter Rauch liegt noch in der Luft."
"modal.catastrophe.wildfire.end",63999993661964288,"The smoke has cleared, leaving behind silence and scorched earth.","Der Rauch hat sich verzogen und hinterlässt Stille und verbrannte Erde."
"modal.catastrophe.drought.start",66478602888757248,"The sun burns relentlessly, and the soil begins to crack.","Die Sonne brennt unerbittlich, und der Boden beginnt zu reißen."
"modal.catastrophe.drought.ongoing-1",66478602922311680,"Water grows scarce, and the fields start to wither.","Das Wasser wird knapp und die Felder beginnen zu verdorren."
"modal.catastrophe.drought.ongoing-2",66478602922311681,"Crops fail, and supplies dwindle as the drought deepens.","Die Ernten fallen aus und die Vorräte schwinden, während die Dürre anhält."
"modal.catastrophe.drought.ongoing-3",66478602922311682,"The rivers have dried, and hunger spreads across the land.","Die Flüsse sind versiegt und der Hunger breitet sich im Land aus."
"modal.catastrophe.drought.ongoing-4",66478602922311683,"The land lies barren, and thirst grips every home.","Das Land liegt brach und der Durst hält in jedem Haus Einzug."
"modal.catastrophe.drought.end",66479609035177984,"Rain finally returns, bringing relief to the scorched earth.","Endlich kehrt Regen zurück und bringt Erleichterung für das ausgedörrte Land."
"modal.catastrophe.earthquake.title",67264907419664384,"Earthquake","Erdbeben"
"modal.catastrophe.earthquake.start",67262900449394688,"The ground shakes violently, buildings suffer damage and people panic.","Der Boden bebt heftig, Gebäude werden beschädigt und die Menschen geraten in Panik."
"modal.catastrophe.earthquake.ongoing-1",67262900487143424,"Fortunately, there were no aftershocks, but repair work continues throughout the city.","Glücklicherweise gab es keine Nachbeben, aber die Reparaturarbeiten in der ganzen Stadt dauern an."
"modal.catastrophe.earthquake.end",67262900487143425,"The repairs are complete and the city is returning to normal.","Die Reparaturen sind abgeschlossen und die Stadt kehrt zur Normalität zurück."
"modal.catastrophe.global-damage-taken",65711785694019584,"{0} takes {1} damage","{0} nimmt {1} Schaden"
"modal.catastrophe.no-damage",67188403738329088,"No damage was detected.","Es wurden keine Schäden festgestellt."
"MgMemory.Pairs",66070708549767168,"Pairs:","Paare:"
"MgMemory.PrepScreen.title",71158853507141632,"Sustainability Memory: Collect Facts","Nachhaltigkeits-Memory: Fakten sammeln"
"MgMemory.PrepScreen.description",71159084911087616,"Find matching pairs and learn exciting facts about sustainability along the way! Players take turns flipping cards – whoever finds two matching motifs earns points and gets to play again. Plus, you'll discover an interesting fact about the topic with every match. Whoever collects the most pairs by the end becomes the Memory Champion!","Findet die passenden Paare und lernt dabei Spannendes über Nachhaltigkeit! Reihum decken die Spieler Karten auf – wer zwei gleiche Motive findet, bekommt Punkte und darf direkt weitermachen. Zusätzlich lernt ihr bei jedem Match einen interessanten Fakt zum Thema. Wer am Ende die meisten Paare gesammelt hat, ist der Memory-Champion!"
"MgMemory.PrepScreen.controls",71159319133605888,"1. Player turns – Player 1 starts, then Players 2, 3, and 4 take turns

2. Flip cards – Click on two cards to turn them over

3. Find a match – If the motifs are the same, you've found a match!

4. Earn points – Each pair found = +Points for you

5. Learn a fact – After every match, you'll see an interesting fact about the motif

6. Play again or pass – With a match, you get to play immediately again. No match? The next player's turn!

7. Win – Whoever has collected the most pairs at the end wins the game!","1. Spieler wechseln – Spieler 1 beginnt, dann Spieler 2, 3 und 4 der Reihe nach

2. Karten aufdecken – Klicke auf zwei Karten, um sie umzudrehen

3. Nach einem Match suchen – Falls die Motive gleich sind, hast du ein Match gefunden!

4. Punkte verdienen – Jedes gefundene Paar = +Punkte für dich

5. Fakt lernen – Nach jedem Match siehst du einen interessanten Fakt zum Motiv

6. Weitermachen oder Weitergabe – Bei einem Match darfst du direkt nochmal spielen. Kein Match? Der nächste Spieler ist dran!

7. Gewinnen – Wer am Ende die meisten Paare hat, gewinnt das Spiel!"
"mainmenu.exit-button",74532023659216896,"Exit","Beenden"